pid,process,cpu_percent,memory_mb,threads
2124,system_server,0.0,560.55,388
5459,com.android.systemui,0.0,407.24,115
9943,com.instagram.android,0.0,212.72,186
10237,com.instagram.barcelona,0.0,104.07,116
15203,in.amazon.mShop.android.shopping,0.0,128.66,105
15212,com.truecaller,0.0,108.32,51
15590,com.google.android.apps.photos,0.0,150.45,38
15690,com.motorola.camera5,0.0,127.79,30
15744,com.discord,0.0,155.83,47
15960,com.google.android.apps.nbu.files,0.0,105.77,37
17601,com.google.android.inputmethod.latin,0.0,191.12,102
18286,com.google.android.googlequicksearchbox:googleapp,0.0,134.4,112
20000,com.google.android.gms,0.0,192.32,179
21895,com.motorola.launcher3,0.0,200.75,67
26168,com.android.chrome,0.0,303.16,77
26314,com.android.chrome:privileged_process0,0.0,137.84,49
26397,com.android.chrome:sandboxed_process0:org.chromium.content.app.SandboxedProcessService0:1,0.0,225.49,26
26485,com.android.chrome:sandboxed_process0:org.chromium.content.app.SandboxedProcessService0:3,0.0,108.01,25
27410,com.whatsapp,0.0,235.9,153
27874,com.reddit.frontpage,0.0,105.48,149
